,Rk,Date,Age,Tm,Unnamed: 4,Opp,Unnamed: 6,GS,MP,FG,FGA,FG%,3P,3PA,3P%,FT,FTA,FT%,ORB,DRB,TRB,AST,STL,BLK,TOV,PF,PTS,GmSc,name
0,1,2024-05-14,22-113,IND,@,CON,L (-21),1,32:27,5,15,0.333,4,11,0.364,6,6,1.0,0,0,0,3,2,0,10,4,20,4.0,Clark
1,2,2024-05-16,22-115,IND,,NYL,L (-36),1,30:08,2,8,0.25,1,7,0.143,4,4,1.0,0,7,7,6,0,1,3,5,9,6.2,Clark
2,3,2024-05-18,22-117,IND,@,NYL,L (-11),1,34:27,9,17,0.529,4,10,0.4,0,0,,2,4,6,8,1,0,8,3,22,13.7,Clark
3,4,2024-05-20,22-119,IND,,CON,L (-4),1,27:24,5,11,0.455,3,7,0.429,4,4,1.0,0,3,3,5,0,2,5,5,17,10.1,Clark
4,5,2024-05-22,22-121,IND,@,SEA,L (-2),1,32:56,6,16,0.375,2,8,0.25,7,9,0.778,1,6,7,7,0,2,3,0,21,17.2,Clark
5,6,2024-05-24,22-123,IND,@,LAS,W (+5),1,36:51,4,14,0.286,2,9,0.222,1,2,0.5,1,9,10,8,4,1,2,2,11,13.3,Clark
6,7,2024-05-25,22-124,IND,@,LVA,L (-19),1,28:31,2,8,0.25,2,5,0.4,2,2,1.0,0,5,5,7,1,0,6,2,8,3.8,Clark
7,8,2024-05-28,22-127,IND,,LAS,L (-6),1,34:05,7,16,0.438,3,10,0.3,13,15,0.867,0,5,5,6,3,3,7,5,30,22.6,Clark
8,9,2024-05-30,22-129,IND,,SEA,L (-15),1,39:56,6,17,0.353,3,8,0.375,5,5,1.0,1,2,3,9,0,1,7,2,20,11.0,Clark
9,10,2024-06-01,22-131,IND,,CHI,W (+1),1,37:15,4,11,0.364,2,9,0.222,1,1,1.0,1,7,8,6,1,0,5,2,11,7.1,Clark
10,11,2024-06-02,22-132,IND,@,NYL,L (-36),1,28:50,1,10,0.1,1,7,0.143,0,0,,0,2,2,5,2,1,3,2,3,-0.6,Clark
11,12,2024-06-07,22-137,IND,@,WAS,W (+2),1,38:46,8,15,0.533,7,13,0.538,7,8,0.875,1,7,8,6,4,0,8,3,30,24.1,Clark
12,13,2024-06-10,22-140,IND,@,CON,L (-17),1,21:58,3,8,0.375,2,5,0.4,2,2,1.0,0,0,0,2,1,0,3,4,10,3.4,Clark
13,14,2024-06-13,22-143,IND,,ATL,W (+7),1,34:37,3,11,0.273,1,6,0.167,0,0,,1,3,4,6,0,2,7,1,7,0.3,Clark
14,15,2024-06-16,22-146,IND,,CHI,W (+8),1,36:52,7,11,0.636,3,7,0.429,6,6,1.0,0,8,8,9,0,2,5,3,23,22.0,Clark
15,16,2024-06-19,22-149,IND,,WAS,W (+7),1,36:37,6,12,0.5,2,6,0.333,4,4,1.0,1,11,12,6,4,0,6,2,18,17.4,Clark
16,17,2024-06-21,22-151,IND,@,ATL,W (+12),1,34:57,6,12,0.5,4,8,0.5,0,1,0.0,0,4,4,7,0,1,7,4,16,7.8,Clark
17,18,2024-06-23,22-153,IND,@,CHI,L (-1),1,39:59,5,11,0.455,5,9,0.556,2,3,0.667,0,6,6,13,4,0,5,4,17,19.2,Clark
18,19,2024-06-27,22-157,IND,@,SEA,L (-12),1,38:29,4,9,0.444,3,7,0.429,4,5,0.8,0,6,6,7,0,1,6,1,15,10.9,Clark
19,20,2024-06-30,22-160,IND,@,PHO,W (+6),1,39:27,4,14,0.286,2,10,0.2,5,6,0.833,0,9,9,12,0,0,6,3,15,10.3,Clark
20,21,2024-07-02,22-162,IND,@,LVA,L (-19),1,37:45,4,12,0.333,1,7,0.143,4,4,1.0,0,6,6,11,1,0,6,5,13,8.7,Clark
21,22,2024-07-06,22-166,IND,,NYL,W (+5),1,38:28,7,17,0.412,3,12,0.25,2,2,1.0,0,12,12,13,2,0,4,3,19,19.4,Clark
22,23,2024-07-10,22-170,IND,,WAS,L (-5),1,37:47,7,14,0.5,5,9,0.556,10,11,0.909,1,4,5,13,5,3,5,5,29,32.7,Clark
23,24,2024-07-12,22-172,IND,,PHO,W (+9),1,38:26,8,16,0.5,2,7,0.286,2,2,1.0,1,5,6,13,1,2,6,2,20,18.9,Clark
24,25,2024-07-14,22-174,IND,@,MIN,W (+7),1,37:00,5,17,0.294,2,11,0.182,5,5,1.0,0,3,3,6,2,0,6,3,17,7.0,Clark
25,26,2024-07-17,22-177,IND,@,DAL,L (-8),1,40:00,10,19,0.526,2,9,0.222,2,3,0.667,0,6,6,19,0,0,6,1,24,23.0,Clark
26,27,2024-08-16,22-207,IND,,PHO,W (+9),1,35:43,8,16,0.5,4,11,0.364,9,10,0.9,0,5,5,10,0,0,5,2,29,23.3,Clark
27,28,2024-08-18,22-209,IND,,SEA,W (+17),1,35:33,9,19,0.474,3,10,0.3,2,2,1.0,0,5,5,9,1,2,5,3,23,17.3,Clark
28,29,2024-08-24,22-215,IND,@,MIN,L (-10),1,38:00,8,18,0.444,3,8,0.375,4,4,1.0,1,4,5,8,1,0,7,4,23,13.5,Clark
29,30,2024-08-26,22-217,IND,@,ATL,W (+5),1,36:54,6,14,0.429,4,9,0.444,3,3,1.0,0,7,7,7,2,1,2,4,19,17.7,Clark
30,31,2024-08-28,22-219,IND,,CON,W (+4),1,37:37,7,17,0.412,3,12,0.25,2,2,1.0,0,5,5,5,1,1,7,2,19,8.8,Clark
31,32,2024-08-30,22-221,IND,@,CHI,W (+19),1,32:25,8,14,0.571,5,9,0.556,10,11,0.909,0,4,4,12,1,0,3,3,31,30.4,Clark
32,33,2024-09-01,22-223,IND,@,DAL,W (+7),1,37:09,10,19,0.526,5,11,0.455,3,4,0.75,0,4,4,12,1,0,7,3,28,20.7,Clark
33,34,2024-09-04,22-226,IND,,LAS,W (+7),1,40:00,8,17,0.471,4,10,0.4,4,4,1.0,1,9,10,10,3,0,7,1,24,21.3,Clark
34,35,2024-09-06,22-228,IND,,MIN,L (-11),1,36:05,8,21,0.381,5,10,0.5,4,4,1.0,0,8,8,8,0,1,7,2,25,14.4,Clark
35,36,2024-09-08,22-230,IND,,ATL,W (+4),1,45:00,7,17,0.412,4,13,0.308,8,8,1.0,0,5,5,12,0,0,9,3,26,16.6,Clark
36,37,2024-09-11,22-233,IND,,LVA,L (-11),1,37:55,6,22,0.273,1,10,0.1,3,3,1.0,0,3,3,6,0,0,5,3,16,1.9,Clark
37,38,2024-09-13,22-235,IND,,LVA,L (-4),1,34:00,7,18,0.389,2,8,0.25,2,4,0.5,1,7,8,9,1,0,6,4,18,9.9,Clark
38,39,2024-09-15,22-237,IND,,DAL,W (+1),1,35:50,10,22,0.455,6,14,0.429,9,9,1.0,0,2,2,8,3,0,5,1,35,27.4,Clark
39,40,2024-09-19,22-241,IND,@,WAS,L (-1),1,19:47,2,5,0.4,2,3,0.667,2,2,1.0,0,5,5,8,1,0,3,0,8,10.4,Clark
0,1,2024-05-14,29-260,PHO,@,LVA,L (-9),1,29:56,7,19,0.368,3,7,0.429,2,2,1.0,1,3,4,4,0,0,2,5,19,8.9,Copper
1,2,2024-05-18,29-264,PHO,,ATL,W (+3),1,32:35,11,20,0.55,3,5,0.6,13,16,0.813,1,5,6,1,0,0,2,4,38,26.5,Copper
2,3,2024-05-21,29-267,PHO,@,LVA,W (+10),1,30:09,15,23,0.652,5,9,0.556,2,2,1.0,0,4,4,3,3,1,3,3,37,29.7,Copper
3,4,2024-05-23,29-269,PHO,,WAS,W (+3),1,28:13,7,17,0.412,3,9,0.333,3,3,1.0,1,4,5,2,1,0,1,4,20,12.6,Copper
4,5,2024-05-25,29-271,PHO,,DAL,L (-15),1,35:37,11,22,0.5,4,7,0.571,6,7,0.857,0,1,1,2,1,0,4,3,32,18.1,Copper
5,6,2024-05-28,29-274,PHO,@,CON,L (-23),1,28:42,2,11,0.182,0,5,0.0,3,4,0.75,3,2,5,4,0,0,4,1,7,0.8,Copper
6,7,2024-05-29,29-275,PHO,@,NYL,L (-3),1,31:49,7,19,0.368,0,5,0.0,6,7,0.857,3,6,9,2,2,0,4,4,20,10.8,Copper
7,8,2024-05-31,29-277,PHO,@,MIN,L (-24),1,30:43,7,18,0.389,3,6,0.5,4,5,0.8,0,1,1,1,1,0,2,2,21,10.0,Copper
8,9,2024-06-02,29-279,PHO,,LAS,W (+19),1,29:11,4,13,0.308,2,6,0.333,2,2,1.0,0,3,3,0,1,0,4,4,12,0.8,Copper
9,10,2024-06-04,29-281,PHO,@,SEA,L (-18),1,30:59,6,18,0.333,3,7,0.429,4,8,0.5,0,7,7,1,1,0,4,1,19,6.6,Copper
10,11,2024-06-07,29-284,PHO,,MIN,W (+1),1,31:35,13,23,0.565,5,12,0.417,3,5,0.6,1,5,6,2,2,2,4,2,34,24.5,Copper
11,12,2024-06-09,29-286,PHO,@,DAL,W (+7),1,44:27,9,22,0.409,4,11,0.364,7,8,0.875,0,3,3,1,0,0,6,4,29,10.8,Copper
12,13,2024-06-13,29-290,PHO,,LVA,L (-4),1,30:17,6,16,0.375,1,6,0.167,5,5,1.0,0,4,4,5,2,0,2,6,18,11.5,Copper
13,14,2024-06-16,29-293,PHO,,SEA,W (+9),1,32:32,11,20,0.55,3,7,0.429,5,5,1.0,0,6,6,2,1,0,3,2,30,20.8,Copper
14,15,2024-06-18,29-295,PHO,,NYL,W (+6),1,31:09,7,13,0.538,1,4,0.25,2,3,0.667,0,2,2,7,2,0,4,3,17,12.6,Copper
15,16,2024-06-22,29-299,PHO,@,MIN,L (-13),1,31:56,3,17,0.176,1,7,0.143,2,4,0.5,1,4,5,1,2,0,4,4,9,-3.5,Copper
16,17,2024-06-28,29-305,PHO,,LAS,W (+14),1,30:39,9,18,0.5,0,3,0.0,6,8,0.75,1,4,5,0,1,0,3,3,24,12.9,Copper
17,18,2024-06-30,29-307,PHO,,IND,L (-6),1,30:48,3,15,0.2,1,6,0.167,0,0,,0,3,3,2,1,0,3,6,7,-4.4,Copper
18,19,2024-07-01,29-308,PHO,,CON,L (-11),1,36:49,7,16,0.438,1,3,0.333,6,7,0.857,0,6,6,2,1,0,1,2,21,14.6,Copper
19,20,2024-07-03,29-310,PHO,@,DAL,W (+8),1,32:15,14,20,0.7,3,4,0.75,3,3,1.0,1,0,1,1,0,0,1,5,34,24.0,Copper
20,21,2024-07-07,29-314,PHO,@,LAS,W (+6),1,34:34,7,17,0.412,0,5,0.0,11,13,0.846,1,9,10,5,0,0,4,3,25,16.8,Copper
21,22,2024-07-10,29-317,PHO,,DAL,W (+16),1,33:59,12,19,0.632,1,4,0.25,7,9,0.778,1,4,5,4,0,0,3,4,32,22.8,Copper
22,23,2024-07-12,29-319,PHO,@,IND,L (-9),1,34:47,11,25,0.44,3,11,0.273,11,13,0.846,0,1,1,1,0,0,2,5,36,19.1,Copper
23,24,2024-07-14,29-321,PHO,@,CON,L (-27),1,34:30,8,17,0.471,1,4,0.25,0,0,,1,5,6,2,0,0,7,3,17,3.7,Copper
24,25,2024-07-16,29-323,PHO,@,WAS,W (+9),1,32:38,9,16,0.563,1,4,0.25,3,3,1.0,0,7,7,1,0,0,1,3,22,15.0,Copper
25,26,2024-08-15,29-353,PHO,@,CHI,W (+20),1,35:03,12,19,0.632,3,5,0.6,2,4,0.5,0,2,2,3,0,0,1,3,29,20.2,Copper
26,27,2024-08-16,29-354,PHO,@,IND,L (-9),1,38:20,6,17,0.353,2,7,0.286,18,19,0.947,1,7,8,6,1,0,3,5,32,25.1,Copper
27,28,2024-08-18,29-356,PHO,,CHI,W (+18),1,30:43,2,11,0.182,0,4,0.0,3,4,0.75,1,2,3,2,1,0,2,5,7,-0.6,Copper
28,29,2024-08-21,29-359,PHO,@,ATL,L (-9),1,33:46,8,17,0.471,2,5,0.4,4,5,0.8,0,6,6,2,0,0,2,3,22,12.9,Copper
29,30,2024-08-23,29-361,PHO,@,ATL,W (+2),1,36:05,6,20,0.3,2,5,0.4,2,2,1.0,0,5,5,1,0,0,2,3,16,3.4,Copper
30,31,2024-08-26,29-364,PHO,,NYL,L (-14),1,33:31,7,17,0.412,0,6,0.0,0,0,,2,3,5,0,2,0,3,4,14,4.6,Copper
31,32,2024-08-28,30-000,PHO,,MIN,L (-13),1,32:59,3,10,0.3,1,4,0.25,6,7,0.857,2,2,4,0,0,0,5,3,13,2.6,Copper
32,33,2024-09-01,30-004,PHO,,LVA,L (-18),1,30:57,5,10,0.5,1,4,0.25,4,6,0.667,1,5,6,1,1,0,3,2,15,9.3,Copper
33,34,2024-09-03,30-006,PHO,,ATL,W (+8),1,31:58,8,16,0.5,3,7,0.429,9,12,0.75,0,3,3,4,0,0,4,0,28,18.5,Copper
34,35,2024-09-05,30-008,PHO,,WAS,L (-13),1,29:49,4,12,0.333,1,5,0.2,2,4,0.5,0,5,5,2,0,0,4,4,11,0.7,Copper
35,36,2024-09-07,30-010,PHO,@,SEA,L (-24),1,27:21,4,16,0.25,2,7,0.286,1,2,0.5,1,4,5,2,1,0,2,1,11,2.9,Copper
36,37,2024-09-19,30-022,PHO,,SEA,L (-19),1,25:18,2,9,0.222,0,4,0.0,0,0,,0,1,1,5,1,0,1,2,4,1.5,Copper
0,1,2024-05-15,27-074,DAL,,CHI,W (+8),1,38:16,10,23,0.435,2,6,0.333,3,3,1.0,0,3,3,7,3,0,2,4,25,18.1,Ogunbawale
1,2,2024-05-18,27-077,DAL,,CHI,L (-9),1,39:51,9,28,0.321,6,14,0.429,11,11,1.0,0,5,5,3,2,0,4,3,35,19.4,Ogunbawale
2,3,2024-05-21,27-080,DAL,@,ATL,L (-5),1,37:09,8,20,0.4,1,8,0.125,7,8,0.875,1,2,3,2,3,0,4,2,24,13.7,Ogunbawale
3,4,2024-05-25,27-084,DAL,@,PHO,W (+15),1,38:09,11,24,0.458,7,12,0.583,11,12,0.917,0,7,7,4,4,0,3,1,40,32.7,Ogunbawale
4,5,2024-05-26,27-085,DAL,@,LAS,W (+1),1,37:22,7,30,0.233,0,8,0.0,6,7,0.857,1,4,5,5,0,1,2,1,20,5.1,Ogunbawale
5,6,2024-05-31,27-090,DAL,@,CON,L (-2),1,38:39,8,21,0.381,3,8,0.375,2,2,1.0,0,4,4,7,2,0,1,2,21,15.8,Ogunbawale
6,7,2024-06-02,27-092,DAL,@,MIN,L (-11),1,39:36,6,17,0.353,2,5,0.4,7,7,1.0,1,5,6,6,6,0,10,4,21,12.3,Ogunbawale
7,8,2024-06-05,27-095,DAL,,LVA,L (-14),1,37:15,9,23,0.391,3,9,0.333,10,10,1.0,1,3,4,7,4,0,6,5,31,21.0,Ogunbawale
8,9,2024-06-07,27-097,DAL,@,LAS,L (-9),1,38:23,10,28,0.357,0,9,0.0,2,2,1.0,0,1,1,4,4,0,3,2,22,9.7,Ogunbawale
9,10,2024-06-09,27-099,DAL,,PHO,L (-7),1,50:00,9,27,0.333,3,11,0.273,4,6,0.667,2,5,7,10,4,0,3,3,25,18.6,Ogunbawale
10,11,2024-06-13,27-103,DAL,,SEA,L (-8),1,35:43,8,19,0.421,5,9,0.556,3,3,1.0,2,4,6,5,2,1,6,5,24,14.7,Ogunbawale
11,12,2024-06-15,27-105,DAL,,CON,L (-18),1,34:40,2,15,0.133,1,6,0.167,6,7,0.857,2,1,3,5,1,0,1,5,11,4.1,Ogunbawale
12,13,2024-06-20,27-110,DAL,@,CHI,L (-11),1,38:11,10,24,0.417,7,16,0.438,4,4,1.0,2,1,3,0,3,0,4,4,31,17.3,Ogunbawale
13,14,2024-06-22,27-112,DAL,@,WAS,L (-28),1,33:38,3,11,0.273,0,6,0.0,0,1,0.0,0,7,7,4,1,0,3,5,6,0.0,Ogunbawale
14,15,2024-06-23,27-113,DAL,@,WAS,L (-8),1,40:00,9,21,0.429,5,10,0.5,0,0,,1,6,7,3,2,0,1,2,23,16.7,Ogunbawale
15,16,2024-06-27,27-117,DAL,,MIN,W (+6),1,38:47,8,17,0.471,5,8,0.625,2,2,1.0,0,4,4,9,1,0,1,2,23,21.0,Ogunbawale
16,17,2024-06-29,27-119,DAL,@,SEA,L (-21),1,37:30,7,15,0.467,6,10,0.6,4,6,0.667,0,5,5,4,4,0,3,1,24,20.4,Ogunbawale
17,18,2024-07-01,27-121,DAL,@,SEA,L (-24),1,38:37,6,18,0.333,3,9,0.333,6,6,1.0,2,4,6,3,5,0,3,0,21,17.5,Ogunbawale
18,19,2024-07-03,27-123,DAL,,PHO,L (-8),1,39:54,8,22,0.364,3,10,0.3,7,7,1.0,1,5,6,5,2,0,1,4,26,18.9,Ogunbawale
19,20,2024-07-05,27-125,DAL,,ATL,W (+3),1,38:43,6,16,0.375,1,7,0.143,6,8,0.75,0,5,5,4,2,1,4,3,19,11.2,Ogunbawale
20,21,2024-07-07,27-127,DAL,@,LVA,L (-19),1,36:55,4,13,0.308,2,6,0.333,3,3,1.0,0,6,6,4,3,0,2,3,13,9.9,Ogunbawale
21,22,2024-07-10,27-130,DAL,@,PHO,L (-16),1,38:10,4,14,0.286,2,8,0.25,3,3,1.0,0,2,2,13,1,0,0,4,13,13.9,Ogunbawale
22,23,2024-07-13,27-133,DAL,,LAS,L (-6),1,37:53,2,15,0.133,2,9,0.222,6,6,1.0,1,2,3,4,2,2,5,5,12,2.8,Ogunbawale
23,24,2024-07-17,27-137,DAL,,IND,W (+8),1,39:40,8,21,0.381,2,5,0.4,6,7,0.857,2,5,7,7,3,0,2,2,24,20.1,Ogunbawale
24,25,2024-08-16,27-167,DAL,,CON,L (-18),1,37:41,6,12,0.5,3,6,0.5,6,6,1.0,1,2,3,2,3,0,2,5,21,16.7,Ogunbawale
25,26,2024-08-20,27-171,DAL,@,NYL,L (-20),1,38:25,5,13,0.385,3,7,0.429,4,4,1.0,1,5,6,5,0,0,2,0,17,13.6,Ogunbawale
26,27,2024-08-22,27-173,DAL,@,NYL,L (-8),1,40:00,7,18,0.389,2,9,0.222,3,4,0.75,2,4,6,8,2,2,3,2,19,16.6,Ogunbawale
27,28,2024-08-25,27-176,DAL,,LAS,W (+3),1,40:00,10,21,0.476,4,12,0.333,9,9,1.0,0,4,4,7,2,0,1,2,33,28.6,Ogunbawale
28,29,2024-08-27,27-178,DAL,,LVA,W (+3),1,40:00,7,17,0.412,1,7,0.143,5,5,1.0,0,5,5,6,0,1,4,5,20,11.3,Ogunbawale
29,30,2024-08-30,27-181,DAL,,MIN,W (+18),1,39:12,11,24,0.458,3,9,0.333,0,0,,1,3,4,8,1,1,1,1,25,20.1,Ogunbawale
30,31,2024-09-01,27-183,DAL,,IND,L (-7),1,39:38,12,25,0.48,9,16,0.563,1,1,1.0,1,7,8,3,1,0,2,2,34,24.4,Ogunbawale
31,32,2024-09-03,27-185,DAL,,WAS,L (-4),1,37:15,7,17,0.412,2,9,0.222,5,5,1.0,0,2,2,4,1,0,0,4,21,14.7,Ogunbawale
32,33,2024-09-06,27-188,DAL,@,ATL,L (-11),1,45:00,7,17,0.412,3,8,0.375,5,5,1.0,2,4,6,8,3,1,3,3,22,20.6,Ogunbawale
33,34,2024-09-08,27-190,DAL,@,CHI,L (-15),1,38:23,8,17,0.471,1,5,0.2,6,6,1.0,0,3,3,1,0,0,2,2,23,13.1,Ogunbawale
34,35,2024-09-10,27-192,DAL,,NYL,L (-14),1,35:47,8,16,0.5,2,7,0.286,5,6,0.833,0,3,3,4,0,1,0,1,23,18.6,Ogunbawale
35,36,2024-09-12,27-194,DAL,,NYL,L (-32),1,33:34,3,13,0.231,1,4,0.25,4,4,1.0,0,1,1,4,2,0,2,2,11,5.4,Ogunbawale
36,37,2024-09-13,27-195,DAL,,SEA,L (-2),1,40:00,6,20,0.3,2,6,0.333,1,1,1.0,2,2,4,5,1,0,3,3,15,5.7,Ogunbawale
37,38,2024-09-15,27-197,DAL,@,IND,L (-1),1,38:01,10,17,0.588,5,10,0.5,2,3,0.667,0,3,3,5,1,0,4,3,27,18.9,Ogunbawale
0,1,2024-05-14,29-261,NYL,@,WAS,W (+5),1,31:32,3,9,0.333,0,1,0.0,2,2,1.0,1,7,8,2,1,0,3,4,8,3.5,Stewart
1,2,2024-05-16,29-263,NYL,@,IND,W (+36),1,29:20,12,21,0.571,1,3,0.333,6,6,1.0,5,5,10,4,3,2,0,3,31,32.1,Stewart
2,3,2024-05-18,29-265,NYL,,IND,W (+11),1,29:51,7,14,0.5,2,3,0.667,8,8,1.0,0,5,5,2,4,3,4,1,24,21.6,Stewart
3,4,2024-05-20,29-267,NYL,,SEA,W (+11),1,32:57,7,18,0.389,0,6,0.0,2,3,0.667,2,9,11,1,3,2,2,1,16,12.6,Stewart
4,5,2024-05-23,29-270,NYL,,CHI,L (-9),1,35:16,5,12,0.417,2,6,0.333,6,9,0.667,1,9,10,5,4,1,3,1,18,18.6,Stewart
5,6,2024-05-25,29-272,NYL,@,MIN,L (-17),1,33:22,8,18,0.444,1,8,0.125,3,3,1.0,3,8,11,5,1,2,2,2,20,18.2,Stewart
6,7,2024-05-29,29-276,NYL,,PHO,W (+3),1,36:32,4,10,0.4,0,2,0.0,5,5,1.0,3,5,8,2,2,0,2,2,13,11.8,Stewart
7,8,2024-05-31,29-278,NYL,,WAS,W (+11),1,36:18,4,13,0.308,0,4,0.0,10,12,0.833,2,13,15,5,2,0,3,4,18,15.9,Stewart
8,9,2024-06-02,29-280,NYL,,IND,W (+36),1,24:05,5,11,0.455,1,4,0.25,2,2,1.0,0,6,6,5,0,0,0,4,13,11.0,Stewart
9,10,2024-06-04,29-282,NYL,@,CHI,W (+13),1,38:29,14,25,0.56,2,7,0.286,3,3,1.0,4,10,14,3,1,1,2,2,33,27.9,Stewart
10,11,2024-06-06,29-284,NYL,@,ATL,W (+17),1,35:09,8,17,0.471,0,3,0.0,9,9,1.0,2,8,10,5,0,1,1,1,25,22.9,Stewart
11,12,2024-06-08,29-286,NYL,@,CON,W (+7),1,38:23,5,11,0.455,1,3,0.333,2,2,1.0,0,7,7,5,1,1,2,3,13,11.4,Stewart
12,13,2024-06-09,29-287,NYL,,WAS,W (+5),1,36:16,4,14,0.286,0,5,0.0,6,6,1.0,1,6,7,3,3,0,3,5,14,8.4,Stewart
13,14,2024-06-15,29-293,NYL,@,LVA,W (+8),1,37:50,7,15,0.467,0,2,0.0,0,0,,0,12,12,2,2,1,2,2,14,11.2,Stewart
14,15,2024-06-18,29-296,NYL,@,PHO,L (-6),1,35:57,10,15,0.667,4,4,1.0,4,6,0.667,2,2,4,5,5,1,1,1,28,30.5,Stewart
15,16,2024-06-20,29-298,NYL,,LAS,W (+13),1,35:01,6,13,0.462,1,3,0.333,4,6,0.667,1,4,5,5,1,3,3,1,17,14.6,Stewart
16,17,2024-06-22,29-300,NYL,,LAS,W (+10),1,36:46,12,19,0.632,3,9,0.333,6,7,0.857,0,3,3,7,3,6,4,2,33,32.3,Stewart
17,18,2024-06-23,29-301,NYL,@,ATL,W (+21),1,29:17,6,9,0.667,1,2,0.5,4,4,1.0,1,7,8,6,3,2,2,3,17,21.3,Stewart
18,19,2024-06-30,29-308,NYL,,ATL,W (+6),1,37:23,7,17,0.412,3,7,0.429,5,7,0.714,1,11,12,3,2,1,1,4,22,18.3,Stewart
19,20,2024-07-02,29-310,NYL,,MIN,W (+9),1,37:52,5,20,0.25,0,5,0.0,7,8,0.875,3,14,17,3,2,2,2,2,17,13.6,Stewart
20,21,2024-07-06,29-314,NYL,@,IND,L (-5),1,35:47,3,11,0.273,0,5,0.0,8,10,0.8,1,5,6,6,2,1,1,4,14,13.2,Stewart
21,22,2024-07-10,29-318,NYL,@,CON,W (+3),1,34:21,5,9,0.556,0,1,0.0,8,10,0.8,1,13,14,2,1,3,3,3,18,17.8,Stewart
22,23,2024-07-11,29-319,NYL,,CHI,W (+15),1,32:21,5,14,0.357,0,3,0.0,9,9,1.0,0,4,4,6,1,2,0,0,19,19.0,Stewart
23,24,2024-08-15,29-354,NYL,@,LAS,W (+35),1,20:18,10,15,0.667,3,4,0.75,4,5,0.8,1,3,4,2,0,0,0,1,27,22.7,Stewart
24,25,2024-08-17,29-356,NYL,@,LVA,W (+12),1,33:03,7,16,0.438,1,3,0.333,3,3,1.0,1,6,7,1,2,2,1,1,18,14.8,Stewart
25,26,2024-08-20,29-359,NYL,,DAL,W (+20),1,32:21,7,22,0.318,3,7,0.429,9,11,0.818,3,9,12,3,0,0,2,1,26,17.1,Stewart
26,27,2024-08-22,29-361,NYL,,DAL,W (+8),1,34:49,5,18,0.278,0,3,0.0,9,11,0.818,3,4,7,6,3,0,2,2,19,15.3,Stewart
27,28,2024-08-24,29-363,NYL,,CON,L (-8),1,31:39,7,15,0.467,1,4,0.25,0,0,,1,14,15,4,2,3,2,2,15,16.3,Stewart
28,29,2024-08-26,29-365,NYL,@,PHO,W (+14),1,34:17,8,17,0.471,1,3,0.333,4,4,1.0,2,4,6,6,1,1,1,0,21,19.8,Stewart
29,30,2024-08-28,30-001,NYL,@,LAS,L (-6),1,33:55,11,19,0.579,3,6,0.5,7,11,0.636,2,4,6,1,2,0,3,5,32,21.8,Stewart
30,31,2024-08-30,30-003,NYL,@,SEA,W (+13),1,35:29,10,16,0.625,3,4,0.75,9,10,0.9,1,4,5,6,0,0,0,1,32,30.1,Stewart
31,32,2024-09-05,30-009,NYL,,SEA,W (+7),1,34:22,5,16,0.313,1,2,0.5,3,5,0.6,1,6,7,3,1,3,0,1,14,11.3,Stewart
32,33,2024-09-08,30-012,NYL,,LVA,W (+4),1,33:45,8,14,0.571,0,1,0.0,5,7,0.714,2,9,11,2,2,1,1,1,21,20.4,Stewart
33,34,2024-09-10,30-014,NYL,@,DAL,W (+14),1,27:53,9,18,0.5,3,6,0.5,6,6,1.0,1,1,2,2,0,1,2,4,27,17.5,Stewart
34,35,2024-09-12,30-016,NYL,@,DAL,W (+32),1,22:55,3,6,0.5,0,3,0.0,5,8,0.625,1,3,4,4,0,1,2,0,11,9.9,Stewart
35,36,2024-09-15,30-019,NYL,,MIN,L (-9),1,36:20,12,27,0.444,3,6,0.5,11,13,0.846,6,12,18,1,2,0,1,4,38,31.0,Stewart
36,37,2024-09-17,30-021,NYL,@,WAS,W (+16),1,25:38,6,14,0.429,1,6,0.167,2,2,1.0,2,8,10,1,1,1,1,2,15,12.0,Stewart
37,38,2024-09-19,30-023,NYL,,ATL,L (-11),1,16:27,5,10,0.5,1,2,0.5,5,5,1.0,0,2,2,0,1,0,1,0,16,11.6,Stewart
0,1,2024-05-14,27-280,LVA,,PHO,W (+9),1,34:40,10,22,0.455,0,2,0.0,10,11,0.909,3,10,13,5,1,3,1,2,30,28.1,Wilson
1,2,2024-05-18,27-284,LVA,,LAS,W (+7),1,31:52,9,20,0.45,1,2,0.5,3,4,0.75,4,6,10,1,3,2,2,3,22,17.7,Wilson
2,3,2024-05-21,27-287,LVA,,PHO,L (-10),1,32:22,8,18,0.444,0,0,,5,8,0.625,2,11,13,2,0,3,1,2,21,16.8,Wilson
3,4,2024-05-25,27-291,LVA,,IND,W (+19),1,30:44,12,18,0.667,1,2,0.5,4,4,1.0,2,13,15,2,1,1,0,1,29,29.2,Wilson
4,5,2024-05-29,27-295,LVA,@,MIN,W (+14),1,31:59,11,23,0.478,0,1,0.0,7,10,0.7,3,12,15,3,2,4,2,2,29,25.9,Wilson
5,6,2024-05-31,27-297,LVA,@,ATL,L (-4),1,35:12,12,27,0.444,0,1,0.0,4,4,1.0,0,9,9,3,1,4,1,2,28,20.7,Wilson
6,7,2024-06-05,27-302,LVA,@,DAL,W (+14),1,33:34,15,22,0.682,1,1,1.0,5,6,0.833,5,7,12,2,6,1,3,1,36,36.5,Wilson
7,8,2024-06-07,27-304,LVA,,SEA,L (-13),1,36:00,8,20,0.4,0,1,0.0,13,14,0.929,1,10,11,0,1,3,3,2,29,20.8,Wilson
8,9,2024-06-09,27-306,LVA,@,LAS,L (-4),1,37:13,10,17,0.588,2,2,1.0,9,11,0.818,1,7,8,5,2,6,1,2,31,33.0,Wilson
9,10,2024-06-11,27-308,LVA,,MIN,L (-14),1,32:58,9,18,0.5,1,2,0.5,9,10,0.9,2,6,8,3,2,0,1,3,28,23.7,Wilson
10,11,2024-06-13,27-310,LVA,@,PHO,W (+4),1,34:19,10,17,0.588,1,1,1.0,11,11,1.0,6,9,15,2,1,2,3,3,32,30.6,Wilson
11,12,2024-06-15,27-312,LVA,,NYL,L (-8),1,35:46,9,16,0.563,0,1,0.0,3,4,0.75,0,9,9,3,0,1,2,4,21,14.9,Wilson
12,13,2024-06-19,27-316,LVA,,SEA,W (+11),1,32:27,11,18,0.611,0,0,,5,7,0.714,2,7,9,3,4,2,0,2,27,28.2,Wilson
13,14,2024-06-21,27-318,LVA,,CON,W (+11),1,34:15,9,17,0.529,0,2,0.0,8,8,1.0,4,12,16,1,2,2,3,1,26,24.8,Wilson
14,15,2024-06-27,27-324,LVA,@,CHI,W (+12),1,33:44,10,19,0.526,1,2,0.5,10,12,0.833,2,4,6,3,2,2,3,2,31,25.2,Wilson
15,16,2024-06-29,27-326,LVA,@,WAS,W (+11),1,32:24,4,15,0.267,0,1,0.0,3,4,0.75,0,9,9,5,2,1,1,3,11,8.4,Wilson
16,17,2024-07-02,27-329,LVA,,IND,W (+19),1,36:10,13,22,0.591,0,0,,2,3,0.667,2,7,9,1,2,5,0,2,28,26.3,Wilson
17,18,2024-07-04,27-331,LVA,,WAS,W (+21),1,26:13,9,12,0.75,0,1,0.0,0,0,,0,9,9,4,3,3,2,3,18,20.6,Wilson
18,19,2024-07-05,27-332,LVA,@,LAS,L (-5),1,41:28,13,23,0.565,0,3,0.0,9,9,1.0,0,12,12,3,0,6,2,5,35,30.0,Wilson
19,20,2024-07-07,27-334,LVA,,DAL,W (+19),1,31:12,11,22,0.5,3,4,0.75,3,4,0.75,3,7,10,2,1,2,2,0,28,22.6,Wilson
20,21,2024-07-10,27-337,LVA,@,SEA,W (+5),1,35:08,7,18,0.389,0,2,0.0,10,10,1.0,2,18,20,2,3,4,0,0,24,28.2,Wilson
21,22,2024-07-12,27-339,LVA,@,ATL,W (+14),1,37:20,13,23,0.565,3,4,0.75,4,4,1.0,2,16,18,1,3,5,0,2,33,34.7,Wilson
22,23,2024-07-14,27-341,LVA,@,WAS,W (+12),1,36:03,12,19,0.632,0,1,0.0,4,4,1.0,4,13,17,1,0,2,2,1,28,25.9,Wilson
23,24,2024-07-16,27-343,LVA,,CHI,L (-8),1,36:34,9,21,0.429,1,2,0.5,9,10,0.9,3,11,14,0,3,5,2,0,28,26.4,Wilson
24,25,2024-08-17,28-009,LVA,,NYL,L (-12),1,35:40,8,15,0.533,1,1,1.0,7,8,0.875,0,11,11,0,3,3,0,0,24,24.7,Wilson
25,26,2024-08-18,28-010,LVA,,LAS,W (+16),1,33:59,12,20,0.6,0,0,,10,11,0.909,1,12,13,0,5,2,1,1,34,33.7,Wilson
26,27,2024-08-21,28-013,LVA,,MIN,L (-11),1,33:07,7,14,0.5,0,1,0.0,1,2,0.5,5,4,9,6,2,0,0,0,15,18.5,Wilson
27,28,2024-08-23,28-015,LVA,@,MIN,L (-13),1,32:56,8,17,0.471,0,2,0.0,8,9,0.889,0,7,7,3,0,0,3,4,24,14.5,Wilson
28,29,2024-08-25,28-017,LVA,@,CHI,W (+2),1,32:46,8,28,0.286,0,1,0.0,4,5,0.8,6,12,18,2,2,3,0,2,20,15.7,Wilson
29,30,2024-08-27,28-019,LVA,@,DAL,L (-3),1,36:45,16,22,0.727,0,2,0.0,10,13,0.769,2,4,6,2,1,3,1,2,42,37.1,Wilson
30,31,2024-08-30,28-022,LVA,,ATL,W (+11),1,37:21,9,17,0.529,0,1,0.0,8,10,0.8,2,14,16,5,0,5,0,1,26,29.1,Wilson
31,32,2024-09-01,28-024,LVA,@,PHO,W (+18),1,34:01,16,23,0.696,2,6,0.333,7,9,0.778,4,13,17,2,2,1,0,3,41,40.1,Wilson
32,33,2024-09-03,28-026,LVA,,CHI,W (+19),1,34:36,10,19,0.526,1,4,0.25,9,10,0.9,2,12,14,3,2,3,2,0,30,29.5,Wilson
33,34,2024-09-06,28-029,LVA,@,CON,W (+5),1,36:56,8,15,0.533,0,0,,4,6,0.667,0,8,8,0,2,2,2,2,20,14.9,Wilson
34,35,2024-09-11,28-034,LVA,@,IND,W (+11),1,33:59,11,28,0.393,0,0,,5,7,0.714,3,9,12,2,2,3,0,0,27,21.3,Wilson
35,36,2024-09-13,28-036,LVA,@,IND,W (+4),1,35:38,6,15,0.4,0,1,0.0,3,4,0.75,0,17,17,1,1,2,1,1,15,13.3,Wilson
36,37,2024-09-15,28-038,LVA,,CON,W (+13),1,35:24,13,25,0.52,0,3,0.0,3,5,0.6,1,8,9,3,0,2,0,2,29,21.7,Wilson
37,38,2024-09-17,28-040,LVA,@,SEA,W (+13),1,34:53,9,18,0.5,0,0,,3,4,0.75,0,7,7,2,1,0,1,1,21,14.7,Wilson
